Tahun,Provinsi,Kabupaten/Kota,Timbulan Sampah Harian(ton),Timbulan Sampah Tahunan(ton)
2021,Aceh,Kab. Aceh Selatan,95,34527
2021,Aceh,Kab. Gayo Lues,40,14757
2021,Aceh,Kota Banda Aceh,249,90766
2021,Aceh,Kota Sabang,17,6142
2021,Aceh,Kota Langsa,93,33883
2021,Aceh,Kota Subulussalam,45,16529
2021,Sumatera Utara,Kab. Tapanuli Tengah,183,66645
2021,Sumatera Utara,Kab. Tapanuli Utara,128,46799
2021,Sumatera Utara,Kab. Langkat,520,189686
2021,Sumatera Utara,Kab. Karo,227,82782
2021,Sumatera Utara,Kab. Deli Serdang,1118,408130
2021,Sumatera Utara,Kab. Simalungun,519,189457
2021,Sumatera Utara,Kab. Asahan,467,170300
2021,Sumatera Utara,Kab. Toba,85,31171
2021,Sumatera Utara,Kota Medan,1767,645013
2021,Sumatera Utara,Kota Pematang Siantar,233,85052
2021,Sumatera Utara,Kota Tebing Tinggi,124,45078
2021,Sumatera Barat,Kab. Pesisir Selatan,151,55234
2021,Sumatera Barat,Kab. Tanah Datar,128,46807
2021,Sumatera Barat,Kab. Agam,215,78413
2021,Sumatera Barat,Kab. Lima Puluh Kota,154,56295
2021,Sumatera Barat,Kab. Pasaman,121,44253
2021,Sumatera Barat,Kab. Dharmasraya,103,37412
2021,Sumatera Barat,Kab. Solok Selatan,74,26988
2021,Sumatera Barat,Kota Solok,54,19663
2021,Sumatera Barat,Kota Sawahlunto,19,6844
2021,Sumatera Barat,Kota Padang Panjang,48,17519
2021,Sumatera Barat,Kota Payakumbuh,99,36063
2021,Riau,Kab. Indragiri Hilir,461,168125
2021,Riau,Kab. Siak,191,69740
2021,Riau,Kota Pekanbaru,967,353134
2021,Riau,Kota Dumai,162,59030
2021,Jambi,Kab. Merangin,199,72545
2021,Jambi,Kab. Bungo,155,56722
2021,Jambi,Kota Jambi,433,158107
2021,Sumatera Selatan,Kab. Muara Enim,232,84834
2021,Sumatera Selatan,Kab. Lahat,308,112362
2021,Sumatera Selatan,Kab. Musi Banyuasin,249,90842
2021,Sumatera Selatan,Kab. Ogan Komering Ulu Timur,280,102228
2021,Sumatera Selatan,Kota Palembang,1180,430792
2021,Sumatera Selatan,Kota Prabumulih,97,35427
2021,Bengkulu,Kab. Seluma,107,38966
2021,Lampung,Kab. Tanggamus,246,89783
2021,Lampung,Kab. Way Kanan,192,70036
2021,Lampung,Kab. Pringsewu,163,59396
2021,Lampung,Kota Bandar Lampung,770,281129
2021,Kepulauan Bangka Belitung,Kab. Bangka,131,47635
2021,Kepulauan Bangka Belitung,Kab. Belitung,73,26533
2021,Kepulauan Bangka Belitung,Kab. Bangka Selatan,80,29247
2021,Kepulauan Bangka Belitung,Kab. Bangka Tengah,81,29627
2021,Kepulauan Bangka Belitung,Kota Pangkal Pinang,160,58399
2021,Kepulauan Riau,Kab. Bintan,56,20326
2021,Kepulauan Riau,Kab. Karimun,182,66290
2021,Kepulauan Riau,Kota Tanjung Pinang,152,55366
2021,DKI Jakarta,Kab. Adm. Kep. Seribu,18,6429
2021,DKI Jakarta,Kota Adm. Jakarta Pusat,847,309298
2021,DKI Jakarta,Kota Adm. Jakarta Utara,1355,494455
2021,DKI Jakarta,Kota Adm. Jakarta Selatan,1938,707201
2021,DKI Jakarta,Kota Adm. Jakarta Timur,2293,836961
2021,Jawa Barat,Kab. Bandung,1268,462939
2021,Jawa Barat,Kab. Garut,1120,408822
2021,Jawa Barat,Kab. Ciamis,572,208818
2021,Jawa Barat,Kab. Cirebon,1237,451550
2021,Jawa Barat,Kab. Sumedang,442,161463
2021,Jawa Barat,Kab. Indramayu,1103,402455
2021,Jawa Barat,Kota Bogor,674,245922
2021,Jawa Barat,Kota Sukabumi,180,65796
2021,Jawa Barat,Kota Bandung,1593,581280
2021,Jawa Barat,Kota Cirebon,204,74632
2021,Jawa Barat,Kota Bekasi,2376,867237
2021,Jawa Barat,Kota Depok,1314,479661
2021,Jawa Barat,Kota Cimahi,275,100289
2021,Jawa Tengah,Kab. Cilacap,944,344409
2021,Jawa Tengah,Kab. Banyumas,535,195358
2021,Jawa Tengah,Kab. Purbalingga,506,184585
2021,Jawa Tengah,Kab. Purworejo,289,105420
2021,Jawa Tengah,Kab. Wonosobo,363,132496
2021,Jawa Tengah,Kab. Magelang,682,248800
2021,Jawa Tengah,Kab. Boyolali,291,106159
2021,Jawa Tengah,Kab. Klaten,590,215459
2021,Jawa Tengah,Kab. Sukoharjo,359,131201
2021,Jawa Tengah,Kab. Wonogiri,439,160370
2021,Jawa Tengah,Kab. Karanganyar,362,132072
2021,Jawa Tengah,Kab. Sragen,586,213952
2021,Jawa Tengah,Kab. Blora,227,82802
2021,Jawa Tengah,Kab. Rembang,246,89666
2021,Jawa Tengah,Kab. Pati,662,241664
2021,Jawa Tengah,Kab. Jepara,400,146028
2021,Jawa Tengah,Kab. Demak,722,263666
2021,Jawa Tengah,Kab. Semarang,527,192189
2021,Jawa Tengah,Kab. Temanggung,500,182563
2021,Jawa Tengah,Kab. Batang,324,118317
2021,Jawa Tengah,Kab. Pekalongan,388,141448
2021,Jawa Tengah,Kab. Pemalang,589,214837
2021,Jawa Tengah,Kab. Tegal,671,244819
2021,Jawa Tengah,Kab. Brebes,983,358865
2021,Jawa Tengah,Kota Magelang,81,29448
2021,Jawa Tengah,Kota Salatiga,112,40969
2021,Jawa Tengah,Kota Semarang,1180,430750
2021,Jawa Tengah,Kota Tegal,202,73574
2021,D.I. Yogyakarta,Kab. Kulon Progo,177,64654
2021,D.I. Yogyakarta,Kab. Sleman,736,268482
2021,D.I. Yogyakarta,Kota Yogyakarta,327,119502
2021,Jawa Timur,Kab. Pacitan,287,104655
2021,Jawa Timur,Kab. Ponorogo,388,141541
2021,Jawa Timur,Kab. Trenggalek,294,107294
2021,Jawa Timur,Kab. Tulungagung,548,200128
2021,Jawa Timur,Kab. Blitar,410,149624
2021,Jawa Timur,Kab. Kediri,534,194846
2021,Jawa Timur,Kab. Lumajang,502,183049
2021,Jawa Timur,Kab. Banyuwangi,1253,457297
2021,Jawa Timur,Kab. Situbondo,257,93866
2021,Jawa Timur,Kab. Jombang,530,193583
2021,Jawa Timur,Kab. Nganjuk,444,162014
2021,Jawa Timur,Kab. Magetan,268,97939
2021,Jawa Timur,Kab. Ngawi,357,130204
2021,Jawa Timur,Kab. Bojonegoro,537,195824
2021,Jawa Timur,Kab. Tuban,503,183655
2021,Jawa Timur,Kab. Lamongan,222,81008
2021,Jawa Timur,Kab. Pamekasan,277,100957
2021,Jawa Timur,Kab. Sumenep,367,134117
2021,Jawa Timur,Kota Kediri,169,61812
2021,Jawa Timur,Kota Blitar,75,27443
2021,Jawa Timur,Kota Malang,678,247389
2021,Jawa Timur,Kota Probolinggo,97,35248
2021,Jawa Timur,Kota Pasuruan,135,49349
2021,Jawa Timur,Kota Madiun,120,43695
2021,Jawa Timur,Kota Surabaya,1783,650615
2021,Jawa Timur,Kota Batu,114,41762
2021,Banten,Kab. Serang,1164,424802
2021,Banten,Kota Cilegon,217,79369
2021,Banten,Kota Tangerang Selatan,799,291659
2021,Bali,Kab. Jembrana,163,59396
2021,Bali,Kab. Tabanan,231,84247
2021,Bali,Kab. Badung,320,116731
2021,Bali,Kab. Gianyar,387,141337
2021,Bali,Kab. Bangli,111,40480
2021,Bali,Kab. Buleleng,339,123772
2021,Bali,Kota Denpasar,958,349519
2021,Nusa Tenggara Barat,Kab. Lombok Timur,483,176455
2021,Nusa Tenggara Barat,Kab. Sumbawa,259,94704
2021,Nusa Tenggara Barat,Kota Mataram,264,96354
2021,Nusa Tenggara Timur,Kab. Alor,117,42533
2021,Nusa Tenggara Timur,Kab. Manggarai Barat,82,29996
2021,Nusa Tenggara Timur,Kota Kupang,221,80803
2021,Kalimantan Barat,Kab. Sambas,277,101244
2021,Kalimantan Barat,Kab. Mempawah,82,30016
2021,Kalimantan Barat,Kab. Sanggau,242,88479
2021,Kalimantan Barat,Kab. Melawi,84,30524
2021,Kalimantan Barat,Kota Pontianak,396,144651
2021,Kalimantan Barat,Kota Singkawang,118,42899
2021,Kalimantan Tengah,Kab. Kapuas,205,74898
2021,Kalimantan Tengah,Kab. Barito Utara,63,23130
2021,Kalimantan Tengah,Kab. Seruyan,81,29731
2021,Kalimantan Tengah,Kab. Gunung Mas,102,37066
2021,Kalimantan Tengah,Kab. Pulang Pisau,68,24699
2021,Kalimantan Tengah,Kab. Barito Timur,47,16978
2021,Kalimantan Tengah,Kota Palangkaraya,148,53990
2021,Kalimantan Selatan,Kab. Tanah Laut,142,51734
2021,Kalimantan Selatan,Kab. Kotabaru,130,47541
2021,Kalimantan Selatan,Kab. Banjar,408,148796
2021,Kalimantan Selatan,Kab. Barito Kuala,95,34660
2021,Kalimantan Selatan,Kab. Tapin,80,29379
2021,Kalimantan Selatan,Kab. Hulu Sungai Selatan,96,35043
2021,Kalimantan Selatan,Kab. Hulu Sungai Tengah,103,37773
2021,Kalimantan Selatan,Kab. Hulu Sungai Utara,97,35281
2021,Kalimantan Selatan,Kab. Tabalong,101,36983
2021,Kalimantan Selatan,Kab. Tanah Bumbu,164,59986
2021,Kalimantan Selatan,Kab. Balangan,56,20441
2021,Kalimantan Selatan,Kota Banjarmasin,506,184856
2021,Kalimantan Selatan,Kota Banjarbaru,165,60120
2021,Kalimantan Timur,Kab. Paser,115,42081
2021,Kalimantan Timur,Kab. Kutai Kartanegara,223,81244
2021,Kalimantan Timur,Kab. Kutai Timur,212,77462
2021,Kalimantan Timur,Kab. Penajam Paser Utara,93,33767
2021,Kalimantan Timur,Kota Balikpapan,497,181480
2021,Kalimantan Timur,Kota Samarinda,582,212377
2021,Kalimantan Timur,Kota Bontang,104,37894
2021,Kalimantan Utara,Kab. Nunukan,42,15260
2021,Kalimantan Utara,Kab. Tana Tidung,13,4833
2021,Sulawesi Utara,Kab. Kepulauan Sangihe,56,20332
2021,Sulawesi Utara,Kab. Minahasa Selatan,95,34524
2021,Sulawesi Utara,Kab. Minahasa Tenggara,45,16559
2021,Sulawesi Utara,Kab. Bolaang Mongondow Utara,42,15168
2021,Sulawesi Utara,Kab. Bolaang Mongondow Selatan,35,12737
2021,Sulawesi Utara,Kota Manado,340,124060
2021,Sulawesi Utara,Kota Bitung,159,57875
2021,Sulawesi Utara,Kota Kotamobagu,87,31621
2021,Sulawesi Tengah,Kab. Donggala,122,44400
2021,Sulawesi Tengah,Kab. Parigi Moutong,226,82342
2021,Sulawesi Tengah,Kab. Sigi,129,47008
2021,Sulawesi Tengah,Kab. Banggai Laut,35,12934
2021,Sulawesi Tengah,Kota Palu,187,68229
2021,Sulawesi Selatan,Kab. Kepulauan Selayar,56,20488
2021,Sulawesi Selatan,Kab. Bulukumba,174,63488
2021,Sulawesi Selatan,Kab. Bantaeng,81,29446
2021,Sulawesi Selatan,Kab. Jeneponto,161,58635
2021,Sulawesi Selatan,Kab. Sinjai,108,39535
2021,Sulawesi Selatan,Kab. Bone,403,147232
2021,Sulawesi Selatan,Kab. Maros,159,57951
2021,Sulawesi Selatan,Kab. Pangkajene Kepulauan,138,50483
2021,Sulawesi Selatan,Kab. Barru,76,27722
2021,Sulawesi Selatan,Kab. Soppeng,95,34707
2021,Sulawesi Selatan,Kab. Wajo,152,55349
2021,Sulawesi Selatan,Kab. Sidenreng Rappang,128,46719
2021,Sulawesi Selatan,Kab. Pinrang,177,64570
2021,Sulawesi Selatan,Kab. Enrekang,114,41597
2021,Sulawesi Selatan,Kab. Luwu Timur,120,43875
2021,Sulawesi Selatan,Kota Makassar,1024,373654
2021,Sulawesi Selatan,Kota Parepare,76,27832
2021,Sulawesi Selatan,Kota Palopo,92,33704
2021,Sulawesi Tenggara,Kab. Wakatobi,79,28903
2021,Sulawesi Tenggara,Kota Kendari,265,96543
2021,Gorontalo,Kota Gorontalo,141,51542
2021,Sulawesi Barat,Kab. Majene,70,25463
2021,Sulawesi Barat,Kab. Mamuju Tengah,63,22864
2021,Maluku,Kab. Maluku Tengah,170,62166
2021,Maluku,Kab. Buru Selatan,31,11297
2021,Maluku,Kota Tual,54,19612
2021,Maluku Utara,Kota Tidore Kepulauan,46,16835
2021,Papua,Kab. Jayapura,84,30747
2021,Papua,Kab. Biak Numfor,58,21324
2021,Papua,Kab. Keerom,26,9536
2021,Papua,Kota Jayapura,218,79497
2021,Papua Barat,Kab. Manokwari,160,58406
2021,Papua Selatan,Kab. Asmat,45,16298
2021,Papua Tengah,Kab. Nabire,68,24694
2021,Papua Pegunungan,Kab. Lanny Jaya,81,29483
2021,Papua Barat Daya,Kab. Sorong Selatan,22,8167
2021,Papua Barat Daya,Kab. Tambrauw,11,4143
2022,Aceh,Kab. Aceh Selatan,96,35218
2022,Aceh,Kab. Aceh Tenggara,91,33333
2022,Aceh,Kab. Aceh Timur,173,63196
2022,Aceh,Kab. Aceh Barat,101,37022
2022,Aceh,Kab. Pidie,178,64898
2022,Aceh,Kab. Simeulue,45,16281
2022,Aceh,Kab. Aceh Singkil,53,19261
2022,Aceh,Kab. Aceh Barat Daya,78,28348
2022,Aceh,Kab. Gayo Lues,41,14986
2022,Aceh,Kab. Aceh Jaya,47,17231
2022,Aceh,Kab. Nagan Raya,69,25315
2022,Aceh,Kab. Aceh Tamiang,121,44063
2022,Aceh,Kab. Bener Meriah,66,24085
2022,Aceh,Kab. Pidie Jaya,80,29029
2022,Aceh,Kota Banda Aceh,252,92056
2022,Aceh,Kota Sabang,17,6308
2022,Aceh,Kota Langsa,94,34470
2022,Aceh,Kota Subulussalam,37,13530
2022,Sumatera Utara,Kab. Tapanuli Tengah,185,67397
2022,Sumatera Utara,Kab. Nias,58,21272
2022,Sumatera Utara,Kab. Langkat,521,190324
2022,Sumatera Utara,Kab. Deli Serdang,1127,411211
2022,Sumatera Utara,Kab. Simalungun,511,186445
2022,Sumatera Utara,Kab. Asahan,473,172565
2022,Sumatera Utara,Kab. Toba,96,35059
2022,Sumatera Utara,Kab. Humbang Hasundutan,59,21654
2022,Sumatera Utara,Kota Medan,1723,628749
2022,Sumatera Utara,Kota Pematang Siantar,241,88121
2022,Sumatera Utara,Kota Tebing Tinggi,125,45488
2022,Sumatera Utara,Kota Padangsidimpuan,162,59066
2022,Sumatera Barat,Kab. Pesisir Selatan,153,55803
2022,Sumatera Barat,Kab. Solok,158,57559
2022,Sumatera Barat,Kab. Sijunjung,97,35514
2022,Sumatera Barat,Kab. Tanah Datar,129,47057
2022,Sumatera Barat,Kab. Padang Pariaman,218,79594
2022,Sumatera Barat,Kab. Agam,214,77994
2022,Sumatera Barat,Kab. Lima Puluh Kota,153,55955
2022,Sumatera Barat,Kab. Pasaman,121,44253
2022,Sumatera Barat,Kab. Dharmasraya,104,37831
2022,Sumatera Barat,Kab. Solok Selatan,74,26989
2022,Sumatera Barat,Kab. Pasaman Barat,175,63877
2022,Sumatera Barat,Kota Padang,644,234973
2022,Sumatera Barat,Kota Solok,54,19810
2022,Sumatera Barat,Kota Sawahlunto,19,6883
2022,Sumatera Barat,Kota Padang Panjang,49,17865
2022,Sumatera Barat,Kota Bukittinggi,125,45708
2022,Sumatera Barat,Kota Payakumbuh,100,36609
2022,Sumatera Barat,Kota Pariaman,38,13963
2022,Riau,Kab. Indragiri Hulu,181,66173
2022,Riau,Kab. Bengkalis,262,95586
2022,Riau,Kab. Rokan Hulu,363,132614
2022,Riau,Kab. Rokan Hilir,333,121581
2022,Riau,Kab. Siak,187,68136
2022,Riau,Kab. Kuantan Singingi,139,50801
2022,Riau,Kota Pekanbaru,977,356503
2022,Riau,Kota Dumai,166,60559
2022,Jambi,Kab. Merangin,202,73778
2022,Jambi,Kab. Sarolangun,117,42866
2022,Jambi,Kab. Bungo,159,57857
2022,Jambi,Kota Jambi,438,159688
2022,Jambi,Kota Sungai Penuh,50,18295
2022,Sumatera Selatan,Kab. Ogan Komering Ulu,152,55557
2022,Sumatera Selatan,Kab. Muara Enim,233,84901
2022,Sumatera Selatan,Kab. Lahat,270,98407
2022,Sumatera Selatan,Kab. Musi Rawas,256,93259
2022,Sumatera Selatan,Kab. Musi Banyuasin,258,94145
2022,Sumatera Selatan,Kab. Banyuasin,579,211236
2022,Sumatera Selatan,Kab. Ogan Komering Ulu Timur,282,102982
2022,Sumatera Selatan,Kab. Penukal Abab Lematang Ilir,102,37316
2022,Sumatera Selatan,Kota Palembang,1205,439816
2022,Sumatera Selatan,Kota Prabumulih,98,35918
2022,Bengkulu,Kab. Bengkulu Utara,190,69208
2022,Bengkulu,Kab. Seluma,105,38417
2022,Bengkulu,Kab. Lebong,81,29410
2022,Lampung,Kab. Tanggamus,366,133452
2022,Lampung,Kab. Way Kanan,192,70086
2022,Lampung,Kab. Pringsewu,163,59396
2022,Lampung,Kab. Tulang Bawang Barat,114,41788
2022,Lampung,Kota Bandar Lampung,786,287058
2022,Lampung,Kota Metro,104,38126
2022,Kepulauan Bangka Belitung,Kab. Bangka,134,48814
2022,Kepulauan Bangka Belitung,Kab. Belitung,74,26865
2022,Kepulauan Bangka Belitung,Kab. Bangka Selatan,82,29967
2022,Kepulauan Bangka Belitung,Kab. Bangka Tengah,82,30061
2022,Kepulauan Bangka Belitung,Kab. Belitung Timur,51,18585
2022,Kepulauan Riau,Kab. Bintan,56,20410
2022,Kepulauan Riau,Kab. Karimun,186,68008
2022,Kepulauan Riau,Kab. Natuna,34,12475
2022,Kepulauan Riau,Kab. Lingga,28,10377
2022,Kepulauan Riau,Kab. Kepulauan Anambas,13,4818
2022,Kepulauan Riau,Kota Batam,1133,413462
2022,Kepulauan Riau,Kota Tanjung Pinang,156,56905
2022,DKI Jakarta,Kab. Adm. Kep. Seribu,18,6531
2022,DKI Jakarta,Kota Adm. Jakarta Pusat,850,310269
2022,DKI Jakarta,Kota Adm. Jakarta Utara,1368,499481
2022,DKI Jakarta,Kota Adm. Jakarta Barat,2023,738548
2022,DKI Jakarta,Kota Adm. Jakarta Selatan,1954,713301
2022,DKI Jakarta,Kota Adm. Jakarta Timur,2313,844252
2022,Jawa Barat,Kab. Bandung,1283,468352
2022,Jawa Barat,Kab. Garut,1112,405970
2022,Jawa Barat,Kab. Ciamis,575,209758
2022,Jawa Barat,Kab. Kuningan,599,218782
2022,Jawa Barat,Kab. Sumedang,443,161592
2022,Jawa Barat,Kab. Indramayu,1114,406481
2022,Jawa Barat,Kab. Karawang,1004,366436
2022,Jawa Barat,Kab. Bekasi,2250,821379
2022,Jawa Barat,Kota Bogor,744,271728
2022,Jawa Barat,Kota Sukabumi,180,65828
2022,Jawa Barat,Kota Bandung,1594,581877
2022,Jawa Barat,Kota Bekasi,1831,668179
2022,Jawa Barat,Kota Cimahi,275,100542
2022,Jawa Barat,Kota Tasikmalaya,319,116476
2022,Jawa Barat,Kota Banjar,86,31268
2022,Jawa Tengah,Kab. Cilacap,951,347056
2022,Jawa Tengah,Kab. Banyumas,537,195964
2022,Jawa Tengah,Kab. Purbalingga,510,186121
2022,Jawa Tengah,Kab. Kebumen,463,169013
2022,Jawa Tengah,Kab. Purworejo,290,105694
2022,Jawa Tengah,Kab. Wonosobo,366,133683
2022,Jawa Tengah,Kab. Boyolali,293,106781
2022,Jawa Tengah,Kab. Klaten,643,234703
2022,Jawa Tengah,Kab. Sukoharjo,362,132101
2022,Jawa Tengah,Kab. Wonogiri,348,126918
2022,Jawa Tengah,Kab. Karanganyar,376,137066
2022,Jawa Tengah,Kab. Sragen,590,215417
2022,Jawa Tengah,Kab. Grobogan,849,310022
2022,Jawa Tengah,Kab. Blora,383,139812
2022,Jawa Tengah,Kab. Rembang,252,92026
2022,Jawa Tengah,Kab. Pati,675,246224
2022,Jawa Tengah,Kab. Kudus,448,163579
2022,Jawa Tengah,Kab. Jepara,412,150516
2022,Jawa Tengah,Kab. Demak,722,263666
2022,Jawa Tengah,Kab. Semarang,530,193422
2022,Jawa Tengah,Kab. Temanggung,400,146050
2022,Jawa Tengah,Kab. Kendal,410,149653
2022,Jawa Tengah,Kab. Batang,567,207055
2022,Jawa Tengah,Kab. Pekalongan,391,142570
2022,Jawa Tengah,Kab. Pemalang,594,216695
2022,Jawa Tengah,Kab. Tegal,840,306466
2022,Jawa Tengah,Kab. Brebes,1005,366938
2022,Jawa Tengah,Kota Magelang,81,29385
2022,Jawa Tengah,Kota Surakarta,376,137345
2022,Jawa Tengah,Kota Salatiga,114,41668
2022,Jawa Tengah,Kota Semarang,1181,431085
2022,Jawa Tengah,Kota Tegal,217,79366
2022,D.I. Yogyakarta,Kab. Kulon Progo,177,64731
2022,D.I. Yogyakarta,Kab. Gunungkidul,378,137872
2022,D.I. Yogyakarta,Kab. Sleman,597,217807
2022,D.I. Yogyakarta,Kota Yogyakarta,303,110643
2022,Jawa Timur,Kab. Pacitan,288,105000
2022,Jawa Timur,Kab. Ponorogo,382,139553
2022,Jawa Timur,Kab. Trenggalek,305,111499
2022,Jawa Timur,Kab. Tulungagung,554,202149
2022,Jawa Timur,Kab. Blitar,409,149306
2022,Jawa Timur,Kab. Kediri,658,240082
2022,Jawa Timur,Kab. Malang,961,350614
2022,Jawa Timur,Kab. Lumajang,525,191446
2022,Jawa Timur,Kab. Jember,1015,370362
2022,Jawa Timur,Kab. Banyuwangi,814,297078
2022,Jawa Timur,Kab. Situbondo,257,93892
2022,Jawa Timur,Kab. Probolinggo,462,168761
2022,Jawa Timur,Kab. Mojokerto,461,168323
2022,Jawa Timur,Kab. Jombang,530,193583
2022,Jawa Timur,Kab. Nganjuk,444,162108
2022,Jawa Timur,Kab. Madiun,300,109521
2022,Jawa Timur,Kab. Magetan,276,100648
2022,Jawa Timur,Kab. Ngawi,358,130696
2022,Jawa Timur,Kab. Bojonegoro,376,137271
2022,Jawa Timur,Kab. Tuban,505,184439
2022,Jawa Timur,Kab. Lamongan,228,83241
2022,Jawa Timur,Kab. Gresik,391,142835
2022,Jawa Timur,Kab. Bangkalan,416,151736
2022,Jawa Timur,Kab. Sampang,464,169511
2022,Jawa Timur,Kab. Pamekasan,277,101141
2022,Jawa Timur,Kab. Sumenep,362,132198
2022,Jawa Timur,Kota Kediri,179,65184
2022,Jawa Timur,Kota Blitar,76,27733
2022,Jawa Timur,Kota Malang,765,279148
2022,Jawa Timur,Kota Probolinggo,97,35465
2022,Jawa Timur,Kota Pasuruan,146,53297
2022,Jawa Timur,Kota Mojokerto,67,24420
2022,Jawa Timur,Kota Madiun,121,44220
2022,Jawa Timur,Kota Surabaya,1784,651043
2022,Jawa Timur,Kota Batu,135,49359
2022,Banten,Kab. Lebak,591,215885
2022,Banten,Kab. Tangerang,2305,841498
2022,Banten,Kab. Serang,1136,414582
2022,Banten,Kota Tangerang,1382,504258
2022,Banten,Kota Cilegon,228,83169
2022,Banten,Kota Serang,585,213464
2022,Banten,Kota Tangerang Selatan,973,355009
2022,Bali,Kab. Jembrana,163,59473
2022,Bali,Kab. Badung,327,119475
2022,Bali,Kab. Gianyar,539,196699
2022,Bali,Kab. Klungkung,103,37644
2022,Bali,Kab. Bangli,112,40836
2022,Bali,Kab. Karangasem,312,113712
2022,Bali,Kab. Buleleng,393,143284
2022,Bali,Kota Denpasar,867,316313
2022,Nusa Tenggara Barat,Kab. Lombok Barat,289,105336
2022,Nusa Tenggara Barat,Kab. Lombok Tengah,420,153264
2022,Nusa Tenggara Barat,Kab. Lombok Timur,538,196210
2022,Nusa Tenggara Barat,Kab. Sumbawa,260,94820
2022,Nusa Tenggara Barat,Kab. Bima,277,101102
2022,Nusa Tenggara Barat,Kab. Lombok Utara,103,37446
2022,Nusa Tenggara Barat,Kota Mataram,264,96437
2022,Nusa Tenggara Barat,Kota Bima,83,30189
2022,Nusa Tenggara Timur,Kab. Manggarai Barat,85,30972
2022,Nusa Tenggara Timur,Kota Kupang,228,83193
2022,Kalimantan Barat,Kab. Sambas,318,116112
2022,Kalimantan Barat,Kab. Mempawah,84,30670
2022,Kalimantan Barat,Kab. Sanggau,246,89842
2022,Kalimantan Barat,Kab. Kapuas Hulu,133,48664
2022,Kalimantan Barat,Kota Pontianak,402,146561
2022,Kalimantan Barat,Kota Singkawang,94,34298
2022,Kalimantan Tengah,Kab. Kotawaringin Barat,136,49737
2022,Kalimantan Tengah,Kab. Kapuas,212,77236
2022,Kalimantan Tengah,Kab. Barito Selatan,67,24440
2022,Kalimantan Tengah,Kab. Barito Utara,62,22604
2022,Kalimantan Tengah,Kab. Seruyan,82,29999
2022,Kalimantan Tengah,Kab. Gunung Mas,102,37058
2022,Kalimantan Tengah,Kab. Pulang Pisau,68,24946
2022,Kalimantan Tengah,Kab. Murung Raya,56,20340
2022,Kalimantan Tengah,Kab. Barito Timur,46,16798
2022,Kalimantan Tengah,Kota Palangkaraya,152,55448
2022,Kalimantan Selatan,Kab. Tanah Laut,142,51807
2022,Kalimantan Selatan,Kab. Kotabaru,181,66144
2022,Kalimantan Selatan,Kab. Barito Kuala,96,35180
2022,Kalimantan Selatan,Kab. Tapin,82,29967
2022,Kalimantan Selatan,Kab. Hulu Sungai Selatan,97,35330
2022,Kalimantan Selatan,Kab. Hulu Sungai Tengah,104,38070
2022,Kalimantan Selatan,Kab. Hulu Sungai Utara,93,33768
2022,Kalimantan Selatan,Kab. Tabalong,103,37508
2022,Kalimantan Selatan,Kab. Tanah Bumbu,166,60743
2022,Kalimantan Selatan,Kab. Balangan,56,20576
2022,Kalimantan Selatan,Kota Banjarmasin,467,170543
2022,Kalimantan Selatan,Kota Banjarbaru,184,67080
2022,Kalimantan Timur,Kab. Paser,119,43301
2022,Kalimantan Timur,Kab. Kutai Kartanegara,314,114525
2022,Kalimantan Timur,Kab. Berau,136,49802
2022,Kalimantan Timur,Kab. Kutai Barat,70,25639
2022,Kalimantan Timur,Kab. Kutai Timur,213,77674
2022,Kalimantan Timur,Kab. Penajam Paser Utara,96,35034
2022,Kalimantan Timur,Kab. Mahakam Ulu,15,5585
2022,Kalimantan Timur,Kota Balikpapan,515,187875
2022,Kalimantan Timur,Kota Samarinda,587,214348
2022,Kalimantan Timur,Kota Bontang,104,38046
2022,Kalimantan Utara,Kab. Nunukan,43,15577
2022,Kalimantan Utara,Kab. Tana Tidung,14,5178
2022,Sulawesi Utara,Kab. Bolaang Mongondow,125,45712
2022,Sulawesi Utara,Kab. Minahasa,174,63633
2022,Sulawesi Utara,Kab. Kepulauan Sangihe,56,20394
2022,Sulawesi Utara,Kab. Minahasa Selatan,95,34524
2022,Sulawesi Utara,Kab. Minahasa Utara,118,43114
2022,Sulawesi Utara,Kab. Minahasa Tenggara,46,16841
2022,Sulawesi Utara,Kab. Bolaang Mongondow Utara,35,12652
2022,Sulawesi Utara,Kab. Kep. Siau Tagulandang Biaro,30,10777
2022,Sulawesi Utara,Kab. Bolaang Mongondow Timur,37,13476
2022,Sulawesi Utara,Kab. Bolaang Mongondow Selatan,29,10553
2022,Sulawesi Utara,Kota Manado,291,106241
2022,Sulawesi Utara,Kota Bitung,159,58055
2022,Sulawesi Utara,Kota Tomohon,51,18510
2022,Sulawesi Utara,Kota Kotamobagu,86,31464
2022,Sulawesi Tengah,Kab. Banggai,188,68767
2022,Sulawesi Tengah,Kab. Donggala,121,44233
2022,Sulawesi Tengah,Kab. Morowali,84,30644
2022,Sulawesi Tengah,Kab. Banggai Kepulauan,60,21926
2022,Sulawesi Tengah,Kab. Parigi Moutong,226,82583
2022,Sulawesi Tengah,Kab. Sigi,129,47008
2022,Sulawesi Tengah,Kab. Banggai Laut,37,13550
2022,Sulawesi Tengah,Kab. Morowali Utara,61,22309
2022,Sulawesi Tengah,Kota Palu,203,74074
2022,Sulawesi Selatan,Kab. Kepulauan Selayar,55,20144
2022,Sulawesi Selatan,Kab. Bulukumba,179,65305
2022,Sulawesi Selatan,Kab. Bantaeng,81,29562
2022,Sulawesi Selatan,Kab. Jeneponto,162,59204
2022,Sulawesi Selatan,Kab. Sinjai,108,39320
2022,Sulawesi Selatan,Kab. Bone,406,148115
2022,Sulawesi Selatan,Kab. Maros,162,58951
2022,Sulawesi Selatan,Kab. Pangkajene Kepulauan,141,51531
2022,Sulawesi Selatan,Kab. Barru,76,27817
2022,Sulawesi Selatan,Kab. Soppeng,94,34394
2022,Sulawesi Selatan,Kab. Wajo,152,55428
2022,Sulawesi Selatan,Kab. Sidenreng Rappang,129,47186
2022,Sulawesi Selatan,Kab. Pinrang,180,65862
2022,Sulawesi Selatan,Kab. Enrekang,114,41741
2022,Sulawesi Selatan,Kab. Tana Toraja,116,42493
2022,Sulawesi Selatan,Kab. Luwu Timur,120,43875
2022,Sulawesi Selatan,Kab. Toraja Utara,158,57848
2022,Sulawesi Selatan,Kota Makassar,1003,365924
2022,Sulawesi Selatan,Kota Parepare,78,28389
2022,Sulawesi Selatan,Kota Palopo,94,34188
2022,Sulawesi Tenggara,Kab. Kolaka,121,44022
2022,Sulawesi Tenggara,Kab. Muna,93,33938
2022,Sulawesi Tenggara,Kab. Wakatobi,81,29456
2022,Sulawesi Tenggara,Kab. Kolaka Utara,56,20341
2022,Sulawesi Tenggara,Kab. Buton Selatan,22,8027
2022,Sulawesi Tenggara,Kota Kendari,270,98477
2022,Sulawesi Tenggara,Kota Bau Bau,82,29923
2022,Gorontalo,Kab. Gorontalo,158,57763
2022,Gorontalo,Kab. Bone Bolango,50,18199
2022,Gorontalo,Kab. Pohuwato,59,21563
2022,Gorontalo,Kota Gorontalo,142,51647
2022,Sulawesi Barat,Kab. Majene,71,25899
2022,Sulawesi Barat,Kab. Mamuju Tengah,55,20057
2022,Maluku,Kab. Maluku Tengah,170,62011
2022,Maluku,Kab. Buru Selatan,31,11355
2022,Maluku Utara,Kab. Halmahera Utara,138,50497
2022,Maluku Utara,Kota Tidore Kepulauan,46,16904
2022,Papua,Kab. Jayapura,86,31360
2022,Papua,Kab. Kepulauan Yapen,46,16780
2022,Papua,Kab. Biak Numfor,59,21435
2022,Papua,Kab. Sarmi,17,6110
2022,Papua,Kab. Keerom,26,9620
2022,Papua,Kab. Waropen,14,5285
2022,Papua,Kota Jayapura,218,79528
2022,Papua Barat,Kab. Manokwari,163,59628
2022,Papua Barat,Kab. Teluk Wondama,18,6697
2022,Papua Barat,Kab. Kaimana,25,9290
2022,Papua Selatan,Kab. Merauke,93,33924
2022,Papua Selatan,Kab. Boven Digoel,26,9518
2022,Papua Selatan,Kab. Asmat,45,16575
2022,Papua Tengah,Kab. Mimika,158,57742
2022,Papua Barat Daya,Kab. Sorong,50,18163
2023,Aceh,Kab. Aceh Selatan,97,35324
2023,Aceh,Kab. Aceh Tenggara,114,41666
2023,Aceh,Kab. Aceh Barat,101,36814
2023,Aceh,Kab. Aceh Besar,148,54053
2023,Aceh,Kab. Simeulue,45,16476
2023,Aceh,Kab. Aceh Singkil,52,19095
2023,Aceh,Kab. Gayo Lues,41,15069
2023,Aceh,Kab. Aceh Jaya,48,17525
2023,Aceh,Kab. Nagan Raya,70,25452
2023,Aceh,Kab. Bener Meriah,68,24686
2023,Aceh,Kota Banda Aceh,256,93371
2023,Aceh,Kota Sabang,17,6308
2023,Aceh,Kota Langsa,96,35155
2023,Aceh,Kota Subulussalam,57,20831
2023,Sumatera Utara,Kab. Langkat,522,190367
2023,Sumatera Utara,Kab. Simalungun,511,186445
2023,Sumatera Utara,Kab. Toba,96,35067
2023,Sumatera Utara,Kota Pematang Siantar,161,58665
2023,Sumatera Barat,Kab. Pesisir Selatan,155,56559
2023,Sumatera Barat,Kab. Solok,162,59234
2023,Sumatera Barat,Kab. Tanah Datar,130,47383
2023,Sumatera Barat,Kab. Padang Pariaman,218,79594
2023,Sumatera Barat,Kab. Agam,220,80164
2023,Sumatera Barat,Kab. Solok Selatan,75,27543
2023,Sumatera Barat,Kota Padang,647,236297
2023,Sumatera Barat,Kota Solok,56,20364
2023,Sumatera Barat,Kota Sawahlunto,19,6926
2023,Sumatera Barat,Kota Payakumbuh,93,34042
2023,Riau,Kab. Bengkalis,261,95115
2023,Riau,Kab. Siak,191,69722
2023,Riau,Kab. Kuantan Singingi,123,44941
2023,Riau,Kota Pekanbaru,977,356503
2023,Jambi,Kab. Bungo,162,59014
2023,Sumatera Selatan,Kab. Muara Enim,233,84971
2023,Sumatera Selatan,Kab. Lahat,269,98053
2023,Sumatera Selatan,Kab. Musi Banyuasin,253,92436
2023,Sumatera Selatan,Kota Pagar Alam,74,26980
2023,Sumatera Selatan,Kota Prabumulih,100,36406
2023,Bengkulu,Kab. Seluma,107,39014
2023,Lampung,Kab. Lampung Tengah,690,251851
2023,Lampung,Kab. Tanggamus,370,134920
2023,Lampung,Kab. Way Kanan,194,70647
2023,Lampung,Kab. Pringsewu,163,59629
2023,Lampung,Kab. Tulang Bawang Barat,116,42285
2023,Lampung,Kab. Pesisir Barat,66,24063
2023,Lampung,Kota Bandar Lampung,786,287058
2023,Kepulauan Bangka Belitung,Kab. Belitung,75,27406
2023,Kepulauan Bangka Belitung,Kab. Bangka Selatan,84,30710
2023,Kepulauan Bangka Belitung,Kab. Bangka Tengah,84,30605
2023,Kepulauan Bangka Belitung,Kab. Belitung Timur,53,19169
2023,Kepulauan Riau,Kab. Bintan,56,20410
2023,Kepulauan Riau,Kab. Karimun,196,71422
2023,Kepulauan Riau,Kab. Kepulauan Anambas,13,4877
2023,Kepulauan Riau,Kota Batam,1159,423054
2023,Kepulauan Riau,Kota Tanjung Pinang,153,55716
2023,DKI Jakarta,Kota Adm. Jakarta Selatan,1971,719464
2023,DKI Jakarta,Kota Adm. Jakarta Timur,2333,851614
2023,Jawa Barat,Kab. Garut,1122,409465
2023,Jawa Barat,Kab. Ciamis,499,182174
2023,Jawa Barat,Kab. Sumedang,479,174806
2023,Jawa Barat,Kab. Bekasi,2219,809935
2023,Jawa Barat,Kota Bogor,780,284632
2023,Jawa Barat,Kota Sukabumi,184,67308
2023,Jawa Barat,Kota Tasikmalaya,323,117955
2023,Jawa Barat,Kota Banjar,87,31624
2023,Jawa Tengah,Kab. Banyumas,542,197758
2023,Jawa Tengah,Kab. Purworejo,322,117433
2023,Jawa Tengah,Kab. Magelang,662,241768
2023,Jawa Tengah,Kab. Klaten,649,237051
2023,Jawa Tengah,Kab. Wonogiri,351,127999
2023,Jawa Tengah,Kab. Sragen,595,217301
2023,Jawa Tengah,Kab. Grobogan,863,315050
2023,Jawa Tengah,Kab. Blora,387,141433
2023,Jawa Tengah,Kab. Rembang,254,92770
2023,Jawa Tengah,Kab. Pati,688,251093
2023,Jawa Tengah,Kab. Jepara,423,154572
2023,Jawa Tengah,Kab. Semarang,533,194602
2023,Jawa Tengah,Kab. Temanggung,404,147358
2023,Jawa Tengah,Kab. Tegal,604,220494
2023,Jawa Tengah,Kab. Brebes,1005,366938
2023,Jawa Tengah,Kota Magelang,81,29400
2023,Jawa Tengah,Kota Salatiga,116,42496
2023,Jawa Tengah,Kota Semarang,1182,431535
2023,D.I. Yogyakarta,Kab. Kulon Progo,219,80034
2023,Jawa Timur,Kab. Pacitan,289,105346
2023,Jawa Timur,Kab. Trenggalek,305,111499
2023,Jawa Timur,Kab. Tulungagung,559,204029
2023,Jawa Timur,Kab. Kediri,662,241779
2023,Jawa Timur,Kab. Malang,967,352927
2023,Jawa Timur,Kab. Lumajang,535,195275
2023,Jawa Timur,Kab. Banyuwangi,836,305313
2023,Jawa Timur,Kab. Situbondo,252,92131
2023,Jawa Timur,Kab. Jombang,530,193583
2023,Jawa Timur,Kab. Nganjuk,447,163087
2023,Jawa Timur,Kab. Madiun,299,109148
2023,Jawa Timur,Kab. Magetan,276,100725
2023,Jawa Timur,Kab. Tuban,508,185423
2023,Jawa Timur,Kab. Gresik,395,144238
2023,Jawa Timur,Kab. Bangkalan,417,152259
2023,Jawa Timur,Kab. Pamekasan,277,101156
2023,Jawa Timur,Kab. Sumenep,367,134117
2023,Jawa Timur,Kota Kediri,174,63462
2023,Jawa Timur,Kota Malang,778,284095
2023,Jawa Timur,Kota Probolinggo,98,35706
2023,Jawa Timur,Kota Pasuruan,147,53830
2023,Jawa Timur,Kota Surabaya,1800,657017
2023,Banten,Kota Tangerang Selatan,1011,369178
2023,Bali,Kab. Jembrana,164,59765
2023,Bali,Kab. Tabanan,233,84923
2023,Bali,Kab. Badung,535,195222
2023,Bali,Kab. Gianyar,539,196699
2023,Bali,Kab. Bangli,113,41195
2023,Bali,Kab. Buleleng,413,150563
2023,Kalimantan Barat,Kab. Mempawah,84,30769
2023,Kalimantan Barat,Kab. Sanggau,250,91225
2023,Kalimantan Barat,Kab. Kapuas Hulu,134,49063
2023,Kalimantan Barat,Kota Pontianak,442,161287
2023,Kalimantan Barat,Kota Singkawang,95,34814
2023,Kalimantan Tengah,Kab. Kapuas,214,78008
2023,Kalimantan Tengah,Kab. Barito Selatan,67,24440
2023,Kalimantan Tengah,Kab. Barito Utara,65,23833
2023,Kalimantan Tengah,Kab. Seruyan,83,30308
2023,Kalimantan Tengah,Kab. Barito Timur,46,16849
2023,Kalimantan Tengah,Kota Palangkaraya,156,56945
2023,Kalimantan Selatan,Kab. Tanah Laut,144,52712
2023,Kalimantan Selatan,Kab. Barito Kuala,99,36061
2023,Kalimantan Selatan,Kab. Tapin,84,30566
2023,Kalimantan Selatan,Kab. Hulu Sungai Tengah,105,38407
2023,Kalimantan Selatan,Kab. Tanah Bumbu,172,62733
2023,Kalimantan Timur,Kab. Berau,141,51282
2023,Kalimantan Timur,Kab. Penajam Paser Utara,98,35873
2023,Kalimantan Timur,Kab. Mahakam Ulu,18,6538
2023,Kalimantan Timur,Kota Balikpapan,529,193038
2023,Kalimantan Timur,Kota Samarinda,599,218800
2023,Kalimantan Timur,Kota Bontang,106,38829
2023,Sulawesi Utara,Kab. Minahasa,175,63923
2023,Sulawesi Utara,Kab. Minahasa Tenggara,47,17127
2023,Sulawesi Utara,Kab. Bolaang Mongondow Utara,34,12343
2023,Sulawesi Utara,Kab. Bolaang Mongondow Selatan,29,10608
2023,Sulawesi Utara,Kota Tomohon,51,18747
2023,Sulawesi Tengah,Kab. Morowali,88,32165
2023,Sulawesi Tengah,Kab. Banggai Kepulauan,61,22207
2023,Sulawesi Tengah,Kab. Parigi Moutong,227,82948
2023,Sulawesi Tengah,Kab. Banggai Laut,37,13673
2023,Sulawesi Tengah,Kab. Morowali Utara,73,26588
2023,Sulawesi Selatan,Kab. Kepulauan Selayar,56,20569
2023,Sulawesi Selatan,Kab. Bulukumba,183,66611
2023,Sulawesi Selatan,Kab. Bantaeng,83,30378
2023,Sulawesi Selatan,Kab. Bone,408,148772
2023,Sulawesi Selatan,Kab. Maros,164,59962
2023,Sulawesi Selatan,Kab. Soppeng,94,34463
2023,Sulawesi Selatan,Kab. Sidenreng Rappang,131,47803
2023,Sulawesi Selatan,Kab. Tana Toraja,108,39564
2023,Sulawesi Selatan,Kab. Luwu Timur,122,44606
2023,Sulawesi Selatan,Kota Makassar,1032,376707
2023,Sulawesi Selatan,Kota Parepare,79,28957
2023,Sulawesi Selatan,Kota Palopo,95,34833
2023,Sulawesi Tenggara,Kab. Muna,94,34352
2023,Sulawesi Tenggara,Kab. Kolaka Utara,56,20608
2023,Sulawesi Tenggara,Kab. Kolaka Timur,57,20652
2023,Sulawesi Tenggara,Kota Kendari,271,98864
2023,Gorontalo,Kota Gorontalo,142,51919
2023,Sulawesi Barat,Kab. Majene,71,25899
2023,Papua,Kab. Biak Numfor,59,21435
2023,Papua,Kab. Keerom,27,9695
2023,Papua,Kota Jayapura,242,88283
2023,Papua Barat,Kab. Manokwari,180,65849
2023,Papua Selatan,Kab. Boven Digoel,26,9518
2023,Papua Selatan,Kab. Asmat,46,16965